name_1,company_name_1,address_1,county_1,postal_1,email_1,web_1,phone_1,age_1
Sdse Public Tv,30 Seville St,East Sussex,BN20 7QU,king_vanacore@yahoo.com,,"01908-714833,01651-442812",43
Isidra Varnado,Howland Machine Corp,79 Chelmsford St,Flintshire,CH8 7UP,ivarnado@varnado.co.uk,,01600-982590,51
Tonja Driesenga,First Ozaukee Savings Bank,8 South John St,Northamptonshire,NN6 9XW,tdriesenga@driesenga.co.uk,http://www.firstozaukeesavingsbank.co.uk,01683-204727,26
,General Truck Part & Equipment,50 Townsend St,Greater Manchester,OL9 0NS,shaquana@hotmail.com,http://www.generaltruckpartequipment.co.uk,01641-726098,31
,"Finlay, Joseph B Jr",7643 Campbell St,Greater London,BR3 1LT,gfeagins@gmail.com,,01304-758732,57
Rex Faehnle,"Hering, Glenn Z Esq",371 Oakleigh,Wiltshire,BA12 8NR,rfaehnle@faehnle.co.uk,,01955-496773,59
Adolph Cunningham,"Moorhead, Bridget Klein Esq",9874 Oakfield Rd,Tyne and Wear,SR5 5PT,adolph_cunningham@hotmail.com,http://www.moorheadbridgetkleinesq.co.uk,01731-429712,43
Queen Leader,Ottumwa Glass Co,6 Princes St,South Lanarkshire,G75 8YR,queen_leader@gmail.com,http://www.ottumwaglassco.co.uk,01567-846944,37
Rebbecca Rufenacht,Ithaca Guitar Works Inc,4190 Seacombe St,Northamptonshire,NN12 8AA,rrufenacht@yahoo.com,,"01583-168158,01926-842843",33
Ardella Goldrup,Bedford Books St Martins Prs,3145 Rhyl St,E Riding of Yorkshire,YO43 3QE,ardella.goldrup@goldrup.co.uk,,01813-786468,44
Dallas Miyashiro,Em Building Products Inc,4919 Lime Grove,Cheshire,SY13 4HB,dallas_miyashiro@miyashiro.co.uk,,"01356-551432,01752-585779",43
Vivan Jenious,Mnpls Arprt Marriott,8 Carolina St,West Sussex,RH10 8EZ,vjenious@yahoo.com,,01907-573672,31
Han Dzledzic,Captain Copy,1592 Price St,Northumberland,NE20 9TF,han_dzledzic@hotmail.com,,01532-163009,20
Emilio Guitierrez,Register Printing Co,2 Weller St,North Yorkshire,DL6 2AS,emilio_guitierrez@guitierrez.co.uk,,"01845-679016,01363-466980",26
Latia Cos,Capitol Cadillac Company,18 Thomas St,West Sussex,PO22 0JT,lcos@yahoo.com,,01695-303367,58
Lilli Cureau,A 1 Plumbers Supply,42 Hey Green Rd,Lancashire,PR1 6TL,lilli@yahoo.com,,"01752-399931,01363-139614",36
,"Levering, Charles B Esq",256 Vesuvius St #159,North Yorkshire,LS24 9UA,maryanne@hotmail.com,,01455-447890,39
Eliz Strimple,Karl May General Contractor,82 Denison St #2642,Greater Manchester,M25 1JB,eliz@gmail.com,http://www.karlmaygeneralcontractor.co.uk,01699-467608,38
Laura Gumaer,C Leasing Company,1779 Bird St,Greater London,SW14 8JZ,laura_gumaer@gmail.com,,01821-208235,51
Leanora Respicio,Fire Protection Consultants,99 College St South #1,Tyne and Wear,NE6 2RX,lrespicio@respicio.co.uk,,01564-503370,22
,Kxlt Radio (k 108 Fm),29 Greenleaf St,Isle of Anglesey,LL62 5HD,spomarico@hotmail.com,,"01523-372834,01323-831572",23
Charlie Isita,"Sotorrio, Rene A Esq",39 Hooton Place,East Renfrewshire,G78 3AB,charlie@isita.co.uk,http://www.sotorrioreneaesq.co.uk,01295-844061,31
Veronique Nuckolls,Cinemax Cable Pay Tv Svce,198 Ranelagh Place,Aberdeenshire,AB43 6RD,vnuckolls@gmail.com,http://www.cinemaxcablepaytvsvce.co.uk,"01632-762032,01699-696279",39
Antonio Villamarin,Combs Sheetmetal,353 Standish St #8264,Hertfordshire,CM20 2HT,antonio.villamarin@gmail.com,,"01559-403415,01388-777812",46
Louvenia Kincannon,"Fineshriber, Marilyn Esq",87 Eldon Place,Lancashire,BB12 7RY,lkincannon@kincannon.co.uk,http://www.fineshribermarilynesq.co.uk,01315-409372,39
Roxanne Hedegore,"Wallace, Bruce R Esq",592 Catharine St,South Lanarkshire,G72 0RZ,roxanne_hedegore@gmail.com,,01317-299836,37
Eve Hoffstot,Domestic Intrntl Techlgy Ltd,1661 Arrow St,York,YO26 8DA,eve.hoffstot@yahoo.com,,01746-129962,57
Kenda Koza,General Bindery Co Inc,7 Netley St,Greater London,E16 3DP,kkoza@koza.co.uk,http://www.generalbinderycoinc.co.uk,01840-188852,26
,"Lee, Stan Dvm",7 St Edmonds Rd,Kent,CT15 4HH,elden_mercik@mercik.co.uk,http://www.leestandvm.co.uk,01539-784239,42
,"Chomsky, Charles Esq",6996 Wrenbury St,West Midlands,CV6 5RS,kami@yahoo.com,,01775-876516,41
Selene Zeng,Dustbooks,2 Prince Rupert St,Greater London,BR3 6SX,selene@yahoo.com,,01741-833047,38
,Ric Lo Productions Ltd,9970 Clyde Rd,Surrey,KT15 3NW,deangelo_rardon@yahoo.com,,01748-535438,52
,"Shohet, Grace C Esq",9 Fielding St,Staffordshire,WV5 0BB,olen@gmail.com,,01654-865551,30
,Lbt,555 Ludlow St,Wiltshire,BA14 9JB,lanie@yahoo.com,http://www.lbt.co.uk,01973-841918,58
,Wky Am 930 Stereo,1 James St #4,Fife,KY16 9EE,lynna@yahoo.com,,01914-909214,33
Jody Klitzing,Dan Dee Belt & Bag Co Inc,3 Byng St #524,Devon,EX1 3SF,jody_klitzing@hotmail.com,http://www.dandeebeltbagcoinc.co.uk,01822-390245,41
,Saint Thomas Creations,425 Howley St,Newport,NP20 3DE,antonio_glasford@glasford.co.uk,http://www.saintthomascreations.co.uk,"01463-409090,01242-318420",40
Merilyn Scurci,New York C Liquidators Inc,4041 Virgil St,Surrey,KT18 6PZ,merilyn_scurci@hotmail.com,,01770-233355,53
,John Noda A Law Ofc Lawrence E,32 High Park St #44,Norfolk,PE30 1QE,elliott@gmail.com,http://www.johnnodaalawofclawrencee.co.uk,"01727-926540,01422-984862",37
Leonie Devereux,Mr Bar B Q Inc,88 Vernon St,East Lothian,EH42 1SJ,leonie_devereux@gmail.com,http://www.mrbarbqinc.co.uk,"01515-840778,01859-764851",31
Eulah Syrop,Atec,62 Euston St,Greater London,EC1Y 8RT,eulah@syrop.co.uk,http://www.atec.co.uk,"01666-133305,01295-758471",20
Marsha Tarry,Allgood Industries,74 Medlock St,Greater Manchester,M20 1JG,marsha.tarry@yahoo.com,,01203-684728,34
Mignon Luger,National Lime Association,80 Talbot St,Cheshire,SK3 9RD,mignon@gmail.com,,01934-252795,53
,Gemini Hats & Accessories Inc,31 Buckingham Ave #3785,Bristol,BS6 5SR,tu_rivet@gmail.com,http://www.geminihatsaccessoriesinc.co.uk,01578-744350,20
Adelle Schantini,Creative Photography Inc,162 Grayson St,Lancashire,FY2 0TD,adelle_schantini@yahoo.com,http://www.creativephotographyinc.co.uk,01624-595660,55
,"Goodspeed, Paul E Esq",5 Webb St #8,Stoke-on-Trent,ST4 1EB,douglass@fonnesbeck.co.uk,,"01305-958705,01591-592334",41
,Consolidated Aluminum,8092 Firdale Rd,Leicester,LE5 5RE,emazierski@mazierski.co.uk,,01277-740331,25
Geraldo Okoren,Guadalajara Bar & Grille,68 Carno St,West Yorkshire,LS10 1SJ,gokoren@okoren.co.uk,,01374-376226,32
Clarinda Pelayo,Tejas Loans,714 Moored St,Denbighshire,LL18 6DH,cpelayo@pelayo.co.uk,http://www.tejasloans.co.uk,"01902-887021,01824-104045",42
Reuben Mccorrison,Kyes Tv Channel 5,545 North John St,Surrey,KT11 2HT,reuben.mccorrison@hotmail.com,,01337-407282,32
Yen Groody,Daily Advance,21 Pilgrim St,Bedfordshire,LU7 2NZ,ygroody@groody.co.uk,,01882-911812,24
Tanja Milne,Austin Periodical Services,9772 Teilo St,Tyne and Wear,DH5 0PH,tanja.milne@yahoo.com,,01584-615989,46
Jerlene Holtgrewe,Granite Construction Co,33 Fonthill Rd,West Midlands,B36 8JE,jholtgrewe@yahoo.com,,01993-956208,46
Almeta Keehner,"Hoolahan, Catherine G Esq",3 Ivyleigh,Derbyshire,S40 4LW,akeehner@hotmail.com,,"01291-250423,01221-177854",24
Wilda Brigham,Morelli Hoskins Ford,501 Sandon Terrace #200,Essex,CO16 9LZ,wilda@brigham.co.uk,,"01950-109108,01300-561046",31
Remedios Arlinghaus,"Miller, Martin M Esq",9 Duckenfield St,E Riding of Yorkshire,HU11 4QA,remedios.arlinghaus@gmail.com,,01536-498792,29
,Advantage Title & Escrow Inc,5466 Sedley St,North Lanarkshire,ML5 4LJ,margret@alcazar.co.uk,http://www.advantagetitleescrowinc.co.uk,"01626-590776,01633-731246",46
Denny Casalenda,Ringo International Inc,75 Brewster St #453,Berkshire,RG1 5EX,dcasalenda@gmail.com,,01349-134533,49
Carolynn Atkison,Dorval Trading Co Ltd,7901 Beech St,Greater London,SM4 5PY,carolynn.atkison@hotmail.com,,01815-665993,49
,Poag Grain Inc,684 Cotswold St,Greater London,E9 7NG,amina@yahoo.com,,01536-114519,57
,Southwest Ms Shopg Bag,5 April Rd #13,South Yorkshire,DN1 2TU,jprzybyl@przybyl.co.uk,http://www.southwestmsshopgbag.co.uk,01684-628072,50
Emiko Sayre,Scott Marlow Agency,8 Village St,Surrey,GU18 5YQ,emiko.sayre@yahoo.com,,01660-135336,32
In Muns,Nursefinders,7 Haddock St #34,Lancashire,FY8 3TF,in_muns@muns.co.uk,http://www.nursefinders.co.uk,01574-363346,24
Eleni Vanscoik,"Simpson, Fred B Esq",9 Mather St,West Midlands,B73 6HH,eleni_vanscoik@gmail.com,,01208-373467,44
Kandis Alsbury,Fast Cash,70 Rose Vale,Suffolk,IP18 6PE,kalsbury@hotmail.com,,01797-837270,56
Kina Saltman,Mitchell Silliman Co Inc,29 Oregon St,Nottinghamshire,NG11 6JT,kina_saltman@gmail.com,,"01515-506025,01788-849591",59
,"Praver, David L Esq",15 East Albert Rd,Oxfordshire,OX13 5AW,jacki.sterback@gmail.com,,01820-396117,-1
Fallon Kerfoot,"Rotenstreich, H Andrew Esq",3186 Naylor St,South Yorkshire,S2 1HP,fallon.kerfoot@gmail.com,,01538-649750,29
,Sigmacom Corporation,9 Herbert St #77,Hertfordshire,WD7 9AQ,precious_brabble@brabble.co.uk,,01687-288043,21
Glory Ona,Real Isle Properties,9830 Croxteth Rd,West Yorkshire,WF8 3YR,glory_ona@gmail.com,,"01469-868357,01535-699216",25
Tamesha Tyburski,"Liss, Amy Esq",1054 Gladys St,North Lanarkshire,ML4 3EJ,tamesha.tyburski@gmail.com,http://www.lissamyesq.co.uk,"01954-979729,01834-599647",42
Brande Cutlip,Real Estate Appraisals Inc,921 Douro St #1520,Vale of Glamorgan,CF62 3HN,bcutlip@yahoo.com,,01947-472569,41
Olene Skubis,"Luby, Joseph K Esq",180 Frodsham St,Hertfordshire,HP2 7BD,olene_skubis@yahoo.com,,01250-453315,34
Carey Marchetta,New River Tire Company Inc,7217 Edge Grove,Greater Manchester,M22 4ZB,cmarchetta@hotmail.com,http://www.newrivertirecompanyinc.co.uk,01750-379103,32
,"Farber, Mindy Esq",12 Gelling St,Stirling,FK16 6DU,launa.torez@yahoo.com,http://www.farbermindyesq.co.uk,"01670-547878,01919-422541",53
,"Nohr, Katharine M Esq",763 Roscoe St,Tyne and Wear,NE11 0AN,dominga@whitrock.co.uk,,"01341-700830,01382-638017",38
Dwight Belyea,Skuttle Mfg Co,419 St Andrew St,Hereford and Worcester,WR9 7NS,dbelyea@belyea.co.uk,,01822-404490,52
Cornell Mccrossin,"Cheek, John D Esq",623 Cornhill,Staffordshire,DE13 0DH,cornell.mccrossin@mccrossin.co.uk,,01608-748971,58
Alverta Topete,National Catholic Reporter,328 Havelock St #61,Surrey,KT15 2NL,alverta.topete@gmail.com,,"01685-141932,01665-348077",32
,Strescon Industries Inc,1056 College St South,County Durham,DH2 2JZ,felicia@claybrooks.co.uk,,01722-395799,28
,"Norda, Beth Dorsey Esq",11 Denison St #7,Cheshire,WA2 9QB,carmen@hotmail.com,,01692-491267,58
,Indiana Electronics Corp,30 Daulby St,Somerset,BA20 2EJ,ashlee.beyl@hotmail.com,,01832-837946,45
Vannessa Land,Port Delivery Systems,201 Bran St,Surrey,TW15 2AJ,vannessa.land@yahoo.com,,01206-207771,31
Patti Rempel,"Meder, Randy F Cpa",1346 Vandyke St,Brighton and Hove,BN3 6NS,patti@rempel.co.uk,http://www.mederrandyfcpa.co.uk,"01539-157435,01334-638031",44
,S M Copiers,883 Howe St,Lancashire,BB5 5TJ,german@meyerhoff.co.uk,http://www.smcopiers.co.uk,01790-887225,40
Anika Marse,Milton Terry Associates,231 Wordsworth St,Greater London,HA3 6TH,anika@marse.co.uk,,"01942-654793,01654-746253",56
,Pro Img Mktng & Pub Rel Inc,2449 Amberly St #6364,West Yorkshire,LS15 0PQ,cmarola@gmail.com,,"01264-145506,01538-230493",30
Lemuel Allis,Computer Security Cnslnts Inc,8430 Shadwell St,West Midlands,WS5 4SU,lemuel_allis@yahoo.com,http://www.computersecuritycnslntsinc.co.uk,"01580-252868,01704-416123",59
Joaquin Hysom,Sport Toyota,115 Lister Rd,Lancashire,BB5 2EY,jhysom@gmail.com,http://www.sporttoyota.co.uk,"01616-548910,01475-223867",57
Kerrie Makuch,Kinkos Copies,7855 Sir Thomas St #7499,Cornwall,PL17 8AR,kmakuch@gmail.com,,01854-749084,27
Alaine Raterman,Putnam Co Inc,1 Milton St,Buckinghamshire,HP16 0DH,alaine@hotmail.com,http://www.putnamcoinc.co.uk,"01927-151413,01525-172423",26
Shannon Kobayashi,Hungs,1111 Nesfield St,Greater Manchester,BL2 2SU,shannon@yahoo.com,,01620-435994,41
Corinne Holman,Herculite Mason Supply Inc,1831 Richards St #8,Hertfordshire,HP4 2AF,corinne@holman.co.uk,,01933-753592,21
,New England Die Co Inc,8054 Low Hill,Gloucestershire,GL52 3BY,hhallford@hotmail.com,,"01958-748582,01753-105955",31
Marylyn Shonerd,Barker Electronics,7252 Dansie St,Greater London,N2 9JL,marylyn_shonerd@yahoo.com,,01721-694690,37
,"Mullins, Glen Esq",76 Paulton St,Greater London,W2 3JT,maryln@gmail.com,,01618-628525,58
Pearlie Flori,Marine Safety International,4 Cochrane St,Kent,ME9 8UJ,pearlie_flori@gmail.com,http://www.marinesafetyinternational.co.uk,01235-935599,59
Nina Yaklin,Ramm Metals Inc,5679 Gloucester Pl,Dunbartonshire,G40 4BH,nyaklin@hotmail.com,,"01434-621318,01370-171283",26
Vivienne Torrain,Finley Colmer & Co,45 Ledward St,West Yorkshire,BD15 0NJ,vivienne@hotmail.com,,"01782-100832,01377-242360",55
Jacob Kippel,Acc Automation Inc,4 Monmouth Rd,Rhondda Cynon Taff,CF40 2JJ,jacob.kippel@yahoo.com,http://www.accautomationinc.co.uk,01550-463222,23
Tula Nahmias,"Anstoetter, Mark D Esq",64 Croyland St,Clackmannanshire,FK10 2LA,tnahmias@nahmias.co.uk,,01846-815511,49
Berry Scandalis,American Fine Foods Inc,4 Vivian St,Lancashire,BB2 6LB,berry.scandalis@gmail.com,,01379-603039,53
Kaycee Carsten,Dohn Law Offices Inc Ps,35 Dublin St,Gloucestershire,GL7 2EY,kaycee.carsten@gmail.com,,01270-893129,55
Melvin Setter,Rex Internatl,87 Pickup St,Hereford and Worcester,DY10 2ZQ,melvin_setter@setter.co.uk,,01401-151569,-
Brianne Matsumura,Bender & Associates,7 Cottenham St,North Lanarkshire,ML1 4TD,brianne@matsumura.co.uk,,01519-417660,55
,Fashion Corner Inc,622 Holmes St,Staffordshire,WV10 0AW,eugene_pelzer@gmail.com,,"01839-920108,01413-591144",24
,C G Mccullough Insurance Agcy,40 Peters Lane,North Yorkshire,BD23 4NF,margery@hotmail.com,,"01634-340524,01933-273913",40
,Orkin Exterminating Co Inc,2 Cockburn St,County Durham,SR7 0AR,nsarra@gmail.com,,"01868-736780,01874-679913",38
,Bauer Coatings,65 Oban Rd,Cornwall,PL25 5AH,beula_lingo@yahoo.com,,"01322-144392,01525-977834",32
Sheridan Mckenize,Word & Image Workshop Inc,31 Davy St,Devon,TQ7 4NF,sheridan.mckenize@hotmail.com,http://www.wordimageworkshopinc.co.uk,"01512-765064,01776-874349",20
,Container Decorating Inc,80 Ellerslie Rd,West Sussex,GU31 5JN,dino.meinert@yahoo.com,,"01802-634391,01636-635483",50
,"Cullen, Jack J Esq",4 Sherwood St,Merseyside,L24 6SH,rebbeca_rubinstein@hotmail.com,,"01708-724957,01862-469721",33
Celia Reisling,Bridger Valley General Store,8362 Whithorn St,Surrey,KT22 8AP,celia.reisling@hotmail.com,,"01309-159593,01299-509105",46
Stefania Weatherwax,Robert Vance Ltd,25 Dale St #2,East Dunbartonshire,G66 3LX,sweatherwax@yahoo.com,http://www.robertvanceltd.co.uk,"01698-705920,01879-295373",36
Leah Luchterhand,Safeguard Chemical Corp,68 Scotland Place,Leicestershire,LE11 2NX,leah@hotmail.com,http://www.safeguardchemicalcorp.co.uk,01777-851028,34
Billy Selma,Taylor Inn,338 Alfonso Rd,Devon,EX2 8LL,billy.selma@yahoo.com,,01270-345115,55
Doug Lucore,"Barr, Albert S Iii",65 Rankin St,Northamptonshire,NN11 3QR,dlucore@yahoo.com,,01943-467489,23
,Las Vegas Art Museum,8 Cookson St,West Yorkshire,LS15 9EP,veronica@hotmail.com,http://www.lasvegasartmuseum.co.uk,01456-906658,49
,Bayou Welding Works Inc,7 Lockhart St,West Midlands,B14 5HS,laquanda.kho@yahoo.com,http://www.bayouweldingworksinc.co.uk,01725-370369,49
,"Kenyon, William R Esq",363 Vandries St,Essex,SS0 7TF,mpoitra@yahoo.com,http://www.kenyonwilliamresq.co.uk,01705-240007,35
Mozell Westad,Fox Vision Center,8 Gertrude St,Greater Manchester,OL5 0QJ,mozell.westad@westad.co.uk,,"01348-989703,01766-783716",30
Bronwyn Bridgford,Edgemere Finance Company,826 Rumney Rd West #7,Highland,IV15 9SD,bronwyn.bridgford@yahoo.com,,"01407-312329,01917-604110",20
Jeff Brossoit,Jeh Construction Co,954 Madelaine St,Wiltshire,SN5 8WG,jeff.brossoit@yahoo.com,,"01593-501965,01383-683074",57
,Smith & Dekay Ps,7602 Brook St #86,Nottinghamshire,NG18 9SZ,shopman@hopman.co.uk,,01516-850881,57
Chantay Jirsa,Posey Company,966 Bower St,Surrey,GU16 9BB,chantay_jirsa@jirsa.co.uk,,"01721-910475,01324-899303",29
Keneth Stpierrie,Mueller Repro Blue Printg,2 Seacombe St,Greater Manchester,OL15 0JP,keneth_stpierrie@hotmail.com,,"01919-731224,01325-412836",21
Alton Rampy,Reliable Metalcraft Inc,83 Battenburg St,South Ayrshire,KA26 0DY,alton_rampy@gmail.com,,"01767-568989,01506-160673",24
Patrick Teisberg,"Dworkin, Michael L",2 Whitefield Rd,Essex,SS9 2DJ,patrick@hotmail.com,http://www.dworkinmichaell.co.uk,"01842-131065,01217-730044",22
,"Percival, Mark R Esq",869 Luke St,Surrey,GU5 0QU,theron@merriam.co.uk,,"01655-809574,01859-311417",53
,Demer Normann Smith Ltd,4 Ogwen St,West Sussex,PO19 9PF,pilar@yahoo.com,,"01356-866584,01814-760513",55
Lashunda Argiro,Kluza Associates,205 Forge St #4021,North Yorkshire,LS21 2LS,lashunda@yahoo.com,,"01422-728149,01653-381714",26
,Ardrox,999 Upper Harrington St #61,Merseyside,WA12 9WX,vchiphe@chiphe.co.uk,http://www.ardrox.co.uk,01754-426672,49
Ashley Tropp,Everythings A Dollar,3 Greenleaf St #5644,Northumberland,NE24 2RY,ashley.tropp@gmail.com,http://www.everythingsadollar.co.uk,01951-324927,27
,Tool Service Company Inc,493 Wellington Rd,Lancashire,PR3 0UH,vhavely@havely.co.uk,,01772-461124,34
Emogene Ritthaler,Mcdonald Service Station,1257 Stone St,Greater London,HA6 1AN,emogene.ritthaler@yahoo.com,,01681-212638,43
Shayne Mordhorst,Don Allen & Associates Pa,1 Bousfield St,Shropshire,SY3 8NG,smordhorst@mordhorst.co.uk,,"01286-279043,01450-144052",48
Franchesca Charry,"Cappello, A Barry Esq",59 Westminster Rd,Hampshire,GU14 8AY,franchesca@gmail.com,,01748-827176,54
Elmira Ringlein,"Hyland, Richard S Esq",143 Clark St #802,Greater Manchester,BL1 2PS,eringlein@gmail.com,,"01934-672498,01347-140077",21
,Diesel Recon,421 Monument Place #44,Stockton-on-Tees,TS21 1BA,destiny@yahoo.com,,01421-624966,27
,Red Giant Foods Inc,8 Gullett St,Aberdeenshire,AB51 0HT,gaston.szumski@hotmail.com,,01651-911453,31
Ronna Mittler,Bethesda Gazette,2767 Pembroke St #979,Wiltshire,SN10 3FQ,ronna_mittler@hotmail.com,,"01214-651738,01794-156776",32
Angelica Poisso,Chemical Consultants,47 Orry St #8243,West Yorkshire,WF10 4DW,apoisso@gmail.com,,"01472-449327,01758-700994",59
Casie Arzilli,Wenatchee Valley Fed Crdt Un,5 Noon St,Leicestershire,LE13 0RG,casie@gmail.com,,01289-195823,51
Magdalene Cocherell,Southern Interiors Inc,510 Belvidere Rd,Essex,CM1 4BY,magdalene_cocherell@yahoo.com,,"01546-162965,01420-141828",32
Erasmo Gath,Pan Optx,860 Rokeby St,Berkshire,SL5 0AZ,egath@hotmail.com,http://www.panoptx.co.uk,01445-796544,58
,"Arias, Michele Ann Md",9362 Solomon St #97,Northamptonshire,NN8 4DR,rosalia.ziv@ziv.co.uk,,"01414-349699,01552-437406",39
Lyda Cronholm,Print Shop,916 Strand St #4753,Staffordshire,ST13 5AW,lyda.cronholm@cronholm.co.uk,,"01672-538356,01347-674237",40
,Wstu 1450 Am Radio Station,5 Bentinck St,Greater London,SW1V 3EW,lisandra_stueber@hotmail.com,,"01831-806301,01876-118051",37
Sabina Prok,T J Ward & Associates Inc,954 Birchdale Rd,Nottinghamshire,NG8 5PY,sabina.prok@prok.co.uk,http://www.tjwardassociatesinc.co.uk,01932-112259,25
,Bell Service Systems Inc,7 Great Orford St,Cornwall,PL17 7DT,elenore_gomoran@yahoo.com,,"01470-383444,01863-322796",57
Brynn Capra,Magic Valley Irrigation Supply,488 Mulberry St,Nottinghamshire,NG15 9AE,brynn_capra@yahoo.com,http://www.magicvalleyirrigationsupply.co.uk,01963-124789,20
Leeann Flory,Fleetwood Area School District,1761 Johnstone St,Essex,CM17 9TZ,leeann@gmail.com,,"01906-807997,01997-771926",26
,Alaska State Troopers,8899 Mere Lane,City of Edinburgh,EH20 9SJ,janet_steimer@hotmail.com,http://www.alaskastatetroopers.co.uk,01506-627051,29
,Lasting Impressions,6 St Hilda St,South Yorkshire,S1 1EQ,lewis@yahoo.com,http://www.lastingimpressions.co.uk,01954-643657,31
,Glass Express,2725 Underley St #6452,Falkirk,FK3 8UB,jestine_driscol@driscol.co.uk,http://www.glassexpress.co.uk,"01257-928278,01811-872937",25
Tatum Parks,Quantum Consultants Inc,6061 Back Nile St,Conwy,LL28 4NL,tparks@parks.co.uk,http://www.quantumconsultantsinc.co.uk,"01567-457572,01818-141397",20
Kayleigh Bendle,J A Associates,9735 Linton St #2284,Aberdeenshire,AB16 7RW,kayleigh.bendle@bendle.co.uk,http://www.jaassociates.co.uk,"01312-772111,01355-733333",47
Lili Imondi,Ide Haigney & Radio,9 Herbert St,Northumberland,NE24 3DQ,lili_imondi@hotmail.com,http://www.idehaigneyradio.co.uk,"01600-986258,01934-479439",58
Sunshine Senechal,"Dale, George F Esq",40 Cairo St,Warwickshire,CV34 5LQ,sunshine.senechal@hotmail.com,http://www.dalegeorgefesq.co.uk,01416-686933,24
,M A C Insurance Agency,7199 St Clare Rd,Inverclyde,PA16 7BT,remona.heier@heier.co.uk,http://www.macinsuranceagency.co.uk,01718-274321,31
Gail Carris,Audrey M Borland Studios,6 Conyers St #3346,South Lanarkshire,ML3 7TE,gcarris@hotmail.com,http://www.audreymborlandstudios.co.uk,"01292-196869,01547-190531",40
Dong Oropeza,"Mayo, Timothy L Esq",8657 Cedar St #2,Perth and Kinross,KY13 8EQ,doropeza@hotmail.com,http://www.mayotimothylesq.co.uk,"01573-788734,01955-221720",57
,"Hollett, Byron P Esq",8 Jacob St,Nottinghamshire,NG5 6JB,larue@yahoo.com,http://www.hollettbyronpesq.co.uk,"01577-443040,01654-933782",47
Goldie Sonkens,Veri Nu Products Corp,6174 Botanic Pl,Cambridgeshire,PE3 7BJ,gsonkens@sonkens.co.uk,http://www.verinuproductscorp.co.uk,"01867-720033,01523-949034",50
,"Schen, Sanford E Md",9730 Dunnet St,Cumbria,CA7 4RB,shelia@gmail.com,http://www.schensanfordemd.co.uk,01818-260618,43
Narcisa Araiza,Danka Business Systems,8783 High St,Cambridgeshire,CB24 6ZR,naraiza@hotmail.com,http://www.dankabusinesssystems.co.uk,"01724-644767,01689-339758",36
,"Hasselberg, Michael R Esq",8 Breckfield Road North,County Durham,SR7 0AZ,evelynn.frede@gmail.com,http://www.hasselbergmichaelresq.co.uk,"01289-621482,01571-460710",27
,Ed Miniat Inc,82 Waterhouse Lane,Rhondda Cynon Taff,CF72 8LB,acalaf@yahoo.com,http://www.edminiatinc.co.uk,"01448-395723,01407-700390",54
Tamra Yu,Davis Commercial Contracting,2 Park Rd Walton #4338,Gloucestershire,GL50 2LF,tamra.yu@hotmail.com,http://www.daviscommercialcontracting.co.uk,01891-816938,52
Dusti Maricle,"Garton, Jeffrey P Esq",59 Charles St,Kent,TN23 4GF,dusti@gmail.com,http://www.gartonjeffreypesq.co.uk,01642-202972,21
Aracelis Donham,Sm Toth Baldridge & Van Belkum,593 Kinglake St,Cambridgeshire,SG8 7TP,aracelis.donham@hotmail.com,http://www.smtothbaldridgevanbelkum.co.uk,"01924-111018,01420-311467",48
,Westoaks Glass,404 Aigburth St #4246,Lancashire,BB1 2AA,filiberto_fredrikson@gmail.com,http://www.westoaksglass.co.uk,01559-323337,23
Leana Stackpole,Direct Tools & Fasteners,690 Copenhagen Rd,Norfolk,NR23 1NJ,lstackpole@yahoo.com,http://www.directtoolsfasteners.co.uk,01248-325090,49
,Applied Robotic Tech Inc,7 Canton St,Greater London,N1 4RF,man.homer@gmail.com,http://www.appliedrobotictechinc.co.uk,"01590-219449,01855-550515",53
,Air Tech Streamlining,79 Pine St,Greater Manchester,M26 1GH,lennie_asley@gmail.com,http://www.airtechstreamlining.co.uk,"01585-487560,01802-349902",25
Arletta Naomi,E Zaks & Co,9 Lodwick St,West Yorkshire,LS1 8HZ,arletta_naomi@naomi.co.uk,http://www.ezaksco.co.uk,"01255-805722,01518-773815",37
,Olden Camera & Lens Co Inc,9 Ogwen St,North Lanarkshire,ML2 8LW,chana.perera@hotmail.com,http://www.oldencameralenscoinc.co.uk,01477-796750,24
,"Madaus, Gerald F Jr",1730 Seymour St,Brighton and Hove,BN41 1QH,npao@gmail.com,http://www.madausgeraldfjr.co.uk,01308-582144,42
,Radisson Suite Hotel,35 Elton St #3,Devon,TQ12 5LL,antonio.heilig@gmail.com,http://www.radissonsuitehotel.co.uk,"01324-171614,01442-946357",
Gerald Kernagis,Digital Solutions Inc,8 Hinton St #8241,Kent,TN25 6BQ,gerald_kernagis@kernagis.co.uk,http://www.digitalsolutionsinc.co.uk,01504-620944,23
,El Hispanic News,751 Stamford St,Staffordshire,ST9 0AH,smandril@hotmail.com,http://www.elhispanicnews.co.uk,"01886-226100,01717-449960",35
Alayna Hoyal,South Bldg Code Congres,70 Royal St,Aberdeenshire,AB31 4AH,alayna_hoyal@hotmail.com,http://www.southbldgcodecongres.co.uk,"01964-720542,01983-132813",58
Talia Marthe,Kenney Mfg Co,5 Minerva St,Wiltshire,BA13 3QR,talia.marthe@gmail.com,http://www.kenneymfgco.co.uk,"01711-170147,01607-480159",32
Pansy Kopan,Oncor Inc,1 Northampton St,Shropshire,TF7 4GA,pansy@kopan.co.uk,http://www.oncorinc.co.uk,01674-842315,25
,Best Western Caprock Inn,2 Maple Grove,Aberdeenshire,AB12 5EJ,royce@hotmail.com,http://www.bestwesterncaprockinn.co.uk,"01972-770618,01431-812225",39
Cherelle Sorrel,"Wiltgen, Nancy A Esq",794 Hook St,Tyne and Wear,NE15 7JA,cherelle_sorrel@gmail.com,http://www.wiltgennancyaesq.co.uk,"01753-327307,01212-458253",40
Dudley Dibartolo,"Mcknight, H Vincent Jr",91 Ludlow St,Greater London,N12 0EF,dudley_dibartolo@yahoo.com,http://www.mcknighthvincentjr.co.uk,"01997-409950,01722-935404",46
Nettie Aldaco,Miller Searl & Fitch,51 Freehold St #224,"Yorkshire, South",DN2 4PP,nettie.aldaco@yahoo.com,http://www.millersearlfitch.co.uk,01388-974910,32
Carline Bulcao,"Brenner, Steven G Esq",7 Hey Green Rd #4,West Yorkshire,LS26 8XE,carline@yahoo.com,http://www.brennerstevengesq.co.uk,"01885-707109,01381-330004",58
Shanda Lunger,Western Packing Co,2476 Marsh St,Greater London,E17 8NP,slunger@gmail.com,http://www.westernpackingco.co.uk,"01329-303595,01620-180931",40
,Ardent Studios Inc,597 Threlfall St #72,Devon,TQ7 2HS,emilio_withers@yahoo.com,http://www.ardentstudiosinc.co.uk,"01523-697097,01890-447894",31
Lovetta Study,Borton Petrini & Conron,1 Jervis St,Greater London,EN5 4LH,lovetta@study.co.uk,http://www.bortonpetriniconron.co.uk,01593-438141,58
Felice Gone,A F Supl Co Div Automtc Firing,7602 Grantham St,Northumberland,NE46 1QQ,felice.gone@hotmail.com,http://www.afsuplcodivautomtcfiring.co.uk,01691-816025,56
Stefania Leadbeater,Murray Whisnant Architects,10 Carisbrooke St,Kent,DA12 3ED,stefania_leadbeater@hotmail.com,http://www.murraywhisnantarchitects.co.uk,01706-546951,39
Margarita Orloski,1893 Shops,78 Pine Grove,South Yorkshire,S6 5HE,margarita_orloski@yahoo.com,http://www.shops.co.uk,01215-422453,20
Paul Farrin,"Dering, James E Esq",7 Varthen St,Kent,DA1 2DL,paul.farrin@farrin.co.uk,http://www.deringjameseesq.co.uk,"01407-775572,01879-963638",43
Anglea Tritten,Waltons Carson Gardens,8 Thomaston St,Greater Manchester,BL1 8RG,anglea_tritten@hotmail.com,http://www.waltonscarsongardens.co.uk,"01818-292728,01436-350784",42
,Cohen And Fromm Pc,527 Harding St,Lincolnshire,LN8 3AD,ona@yahoo.com,http://www.cohenandfrommpc.co.uk,"01467-554624,01984-207421",25
Germaine Hascall,Prg Company,1616 Menzies St #453,Surrey,KT20 7PA,ghascall@hotmail.com,http://www.prgcompany.co.uk,01366-388506,45
Vicky Schellenberge,Medlab Environmental Test Inc,3922 Leda St,Warwickshire,CV35 9BX,vschellenberge@hotmail.com,http://www.medlabenvironmentaltestinc.co.uk,01625-805645,53
Carolann Gross,Leem Company Inc,6352 Grosvenor St,Staffordshire,WV5 0LP,carolann@gross.co.uk,http://www.leemcompanyinc.co.uk,01470-609953,24
,"Clarke, James H Esq",4313 Princes Park Terrace,Cornwall,PL15 9QN,rusty.adelsperger@yahoo.com,http://www.clarkejameshesq.co.uk,"01467-172590,01338-121225",48
,Lykes Bros Inc,9 Sydney Place,Conwy,LL16 5AF,cbludworth@yahoo.com,http://www.lykesbrosinc.co.uk,01903-614855,25
Teresita Gesell,Mason Insurance Agency Inc,2015 Suburban Rd,Greater London,N16 6TD,teresita_gesell@hotmail.com,http://www.masoninsuranceagencyinc.co.uk,"01914-501391,01372-236506",49
,J T Painting Corp,769 Euston St,Somerset,BA6 8EY,evangelina.gius@yahoo.com,http://www.jtpaintingcorp.co.uk,"01563-997671,01377-310696",36
Marlon Tromblay,Solomon Metals Inc,46 Stevenson St,Dundee City,DD1 5EF,mtromblay@yahoo.com,http://www.solomonmetalsinc.co.uk,01919-394681,20
Quiana Scarsella,Looking Good,1400 Ash St,Norfolk,NR1 4HS,quiana_scarsella@hotmail.com,http://www.lookinggood.co.uk,"01446-936944,01492-687388",58
Viki Humeniuk,Guldstrand Engineering Inc,8822 Trafalgar St,Kent,ME18 6JE,vhumeniuk@gmail.com,http://www.guldstrandengineeringinc.co.uk,01721-747819,26
Domitila Weissmann,"Ciocia, James A Esq",28 Berwick St,Bournemouth,BH9 1TT,domitila@gmail.com,http://www.ciociajamesaesq.co.uk,01606-833878,43
Ivan Aronov,Center For Pediatrics,94 Regent St,Lancashire,LA6 1DB,ivan@gmail.com,http://www.centerforpediatrics.co.uk,01478-392232,27
,William A Geppert True Value,30 Marine Parade #1,Lancashire,FY5 4FN,anabel_baldock@hotmail.com,http://www.williamagepperttruevalue.co.uk,"01994-675650,01845-742562",57
Carlton Blyler,Hardware Specialty Co Inc,8 Pim Hill St,City of Edinburgh,EH15 2HW,carlton@blyler.co.uk,http://www.hardwarespecialtycoinc.co.uk,"01437-681317,01604-200932",49
Rashida Vera,Creative Consultants,8451 Bengel St,Devon,TQ5 9JW,rashida@hotmail.com,http://www.creativeconsultants.co.uk,"01286-317691,01913-489634",52
,Fhk Corp,159 Carlton St,Merseyside,WA10 6QG,sherron@knodel.co.uk,http://www.fhkcorp.co.uk,01481-744296,37
,Regis Brd Pro Engrs & Land,38 Raffles St,Cambridgeshire,CB8 8QE,cora@yahoo.com,http://www.regisbrdproengrsland.co.uk,01285-381062,38
,Male Power Ltd,650 Goring St,Kent,ME8 9PN,altha@hotmail.com,http://www.malepowerltd.co.uk,"01373-594236,01698-785700",45
Dortha Yaccarino,Atc Power Systems,6 Chestnut St,Wrexham,LL11 4RJ,dortha@hotmail.com,http://www.atcpowersystems.co.uk,"01528-240870,01254-458143",51
Diego Augle,Farmers Electric Co Op Inc,4 Peover St,Bath Avon,BA1 6EF,diego.augle@gmail.com,http://www.farmerselectriccoopinc.co.uk,01275-397587,53
Peggy Khov,"Goldberg, Stephen M Esq",328 Pallas St,Greater Manchester,M32 8LJ,peggy.khov@gmail.com,http://www.goldbergstephenmesq.co.uk,"01619-237602,01648-417310",20
,Best Wstrn Host Mtr Htl Palm,9 Waltham Rd,Devon,PL8 2NS,wyuki@gmail.com,http://www.bestwstrnhostmtrhtlpalm.co.uk,01872-808403,46
Vallie Yafaie,Micro Lan,352 Strathmore Rd,Devon,TQ2 7JB,vyafaie@hotmail.com,http://www.microlan.co.uk,01251-120872,24
,Dilling Harris Inc,529 Llanrwst St,Gloucestershire,GL52 8TW,tony@gmail.com,http://www.dillingharrisinc.co.uk,01765-102036,31
Val Villot,Horizon Air Magazine,1980 Tynemouth St,West Lothian,EH52 5PY,val@yahoo.com,http://www.horizonairmagazine.co.uk,01375-870188,53
Mel Picciuto,Avante Limited,8598 Rumney Rd,Essex,RM11 1QL,mel.picciuto@gmail.com,http://www.avantelimited.co.uk,01885-270480,30
Isabella Piatkowski,"Miller, William E Iii",9283 Ruth St #81,Greater London,UB1 2FH,isabella_piatkowski@piatkowski.co.uk,http://www.millerwilliameiii.co.uk,01979-186995,51
Erasmo Rhea,Martin Morrissey,5544 Sutherland St,Devon,EX34 7DQ,erasmo_rhea@hotmail.com,http://www.martinmorrissey.co.uk,"01507-386397,01899-316385",38
,Auto Body Color,9 Jackson St,Merseyside,WA9 3QW,ivory@hotmail.com,http://www.autobodycolor.co.uk,"01876-642683,01651-132519",29
Nikita Walka,"Fred, Anthony Esq",3612 Bixteth St,Nottinghamshire,NG15 8DD,nwalka@hotmail.com,http://www.fredanthonyesq.co.uk,01282-123434,33
Aleta Ligons,Advantage Bookkeeping,4545 Victoria Rd,North Ayrshire,KA15 1AT,aleta_ligons@hotmail.com,http://www.advantagebookkeeping.co.uk,"01952-535977,01715-637895",41
Owen Jentzen,Capital Fasteners Inc,5 Hampden St,Merseyside,CH45 4RN,owen_jentzen@jentzen.co.uk,http://www.capitalfastenersinc.co.uk,01467-142439,50
Pauline Fling,Cumberland Vacuum Products,6452 Pilgrim St #5,Greater London,N15 6TH,pfling@fling.co.uk,http://www.cumberlandvacuumproducts.co.uk,"01990-476494,01458-113457",44
Tijuana Machalek,"Schwartz, Thomas E Esq",1149 Highfield Rd #996,Hampshire,PO14 9JJ,tijuana.machalek@gmail.com,http://www.schwartzthomaseesq.co.uk,"01242-532395,01336-686264",57
Ahmad Alsaqri,Alliance Construction Co Inc,21 Pickwick St,Derbyshire,S44 5DS,ahmad.alsaqri@yahoo.com,http://www.allianceconstructioncoinc.co.uk,01567-555570,54
Jamika Conoly,"Keller, Raymond C",19 Soho St,Berkshire,RG1 9XH,jamika_conoly@conoly.co.uk,http://www.kellerraymondc.co.uk,"01726-595316,01597-168997",50
,Proto Tek Manufacturing,236 Blantyre Rd,Merseyside,L6 2EN,derrick_dolloff@gmail.com,http://www.prototekmanufacturing.co.uk,"01982-734773,01619-554437",44
Jacquelyne Reibman,Great Clips For Hair,70 Lilly Rd,Greater London,CR0 7PT,jacquelyne_reibman@yahoo.com,http://www.greatclipsforhair.co.uk,01846-581451,31
,Country Kitchen,58 Gloucester Rd,Derbyshire,DE56 0TX,zachary.freeburger@freeburger.co.uk,http://www.countrykitchen.co.uk,01888-641397,36
Sophia Gaucher,T C E Systems Inc,88 Upper Harrington St,North Lanarkshire,G69 8EL,sophia.gaucher@hotmail.com,http://www.tcesystemsinc.co.uk,"01504-539114,01254-919378",24
Isabelle Kono,Rock Springs Petroleum Equip,4920 Fazakerley Rd,Devon,PL9 8RD,isabelle.kono@yahoo.com,http://www.rockspringspetroleumequip.co.uk,01552-682601,34
,Howard Johnson,6 Morley St,Hertfordshire,AL3 5JN,ronnie@brigman.co.uk,http://www.howardjohnson.co.uk,01943-754681,57
Krystina Schlabaugh,Harris Oldsmobile Inc,7316 Friar St,West Sussex,BN13 3FL,kschlabaugh@schlabaugh.co.uk,http://www.harrisoldsmobileinc.co.uk,01441-846477,37
Rosita Ausdemore,"Jurdem, Scott Esq",8 Heathfield St #657,East Sussex,BN27 1AJ,rausdemore@hotmail.com,http://www.jurdemscottesq.co.uk,"01273-236188,01997-765432",24
Huey Stancil,Lindner Funds,275 Peel Sq,North Eart Lincolnshire,DN32 0PT,hstancil@hotmail.com,http://www.lindnerfunds.co.uk,01502-139578,46
Elbert Fiorino,"Donald, G Nelson Esq",726 Westmoreland Place,East Ayrshire,KA5 6EL,elbert@hotmail.com,http://www.donaldgnelsonesq.co.uk,01724-467889,58
,Cia Inspection,7 Water St,Suffolk,IP3 9RB,pura.manciel@yahoo.com,http://www.ciainspection.co.uk,"01853-412588,01386-437186",54
Alesia Katie,Nelsons Trmt & Pest Cntrl Co,4 Covent Garden,Greater Manchester,BL4 7AF,alesia_katie@gmail.com,http://www.nelsonstrmtpestcntrlco.co.uk,"01333-436799,01240-614527",-1
,Plaza Gourmet Delicatessen,9166 Devon St #905,Greater London,SW1W 8JY,avery@veit.co.uk,http://www.plazagourmetdelicatessen.co.uk,"01748-625058,01369-185737",38
,"Fitzgerald, Edward J",70 Foster St,Highland,IV2 6WT,reuresti@euresti.co.uk,http://www.fitzgeraldedwardj.co.uk,"01916-963261,01370-319414",41
Charlette Brenning,Furey & Associates,714 Fonthill Rd,South Yorkshire,S75 5EJ,cbrenning@brenning.co.uk,http://www.fureyassociates.co.uk,"01888-152110,01301-312487",29
,Bfg Federal Credit Union,9 Milton St,County Durham,DH8 5LP,celestina_keeny@gmail.com,http://www.bfgfederalcreditunion.co.uk,"01877-379681,01600-463475",30
,Nelson Wright Haworth Golf Crs,6 Norwood Grove,Warwickshire,B94 5RZ,mi@hotmail.com,http://www.nelsonwrighthaworthgolfcrs.co.uk,01451-785624,29